{"lr": 9.556431515925442e-08, "data_time": 0.08518410921096801, "loss": 0.8134190961718559, "recall@thr=0.5": 0.0, "prec@thr=0.5": 0.0, "recall@top1": 0.0, "prec@top1": 0.0, "recall@top3": 0.0, "prec@top3": 0.0, "loss_action_cls": 0.8134190961718559, "time": 0.6089035868644714, "epoch": 1, "iter": 20, "memory": 13617, "step": 20}
{"lr": 9.674008937174009e-08, "data_time": 0.003911197185516357, "loss": 0.7547342360019684, "recall@thr=0.5": 0.0, "prec@thr=0.5": 0.0, "recall@top1": 0.0, "prec@top1": 0.0, "recall@top3": 0.0, "prec@top3": 0.0, "loss_action_cls": 0.7547342360019684, "time": 0.47264904975891114, "grad_norm": 12.043248176574707, "epoch": 1, "iter": 40, "memory": 15935, "step": 40}
{"lr": 9.79158635842258e-08, "data_time": 0.0038040518760681153, "loss": 0.6657416000962257, "recall@thr=0.5": 0.0, "prec@thr=0.5": 0.0, "recall@top1": 0.0, "prec@top1": 0.0, "recall@top3": 1.0, "prec@top3": 0.33333322405815125, "loss_action_cls": 0.6657416000962257, "time": 0.45114257335662844, "grad_norm": 12.043248176574707, "epoch": 1, "iter": 60, "memory": 15935, "step": 60}
